<?xml version="1.0" encoding="UTF-8" ?>
<!DOCTYPE mapper PUBLIC "-//mybatis.org//DTD Mapper 3.0//EN"
  "http://mybatis.org/dtd/mybatis-3-mapper.dtd">

<mapper namespace="ProductDAO"> 
	<resultMap id="productResult" type="productVO">
		<result property="id" column="product_id"/>
		<result property="name" column="product_name"/>
		<result property="content" column="product_content"/>
		<result property="content2" column="product_content2"/>
		<result property="price" column="product_price"/>
		<result property="image" column="product_image"/>
		<result property="image2" column="product_image2"/>
	</resultMap>

	<select id="selectLastest" resultMap = "productResult">
		SELECT * FROM PRODUCT WHERE PRODUCT_ID = (SELECT MAX(PRODUCT_ID) FROM PRODUCT)
	</select>
	
	<select id="selectList" resultMap="productResult">
		SELECT * FROM PRODUCT
	</select>
	
	<select id="selectById" resultMap="productResult">
		SELECT * FROM PRODUCT WHERE PRODUCT_ID = #{id}
	</select>
	
	<insert id="insert">
		INSERT INTO PRODUCT VALUES(PRODUCT_SEQ.NEXTVAL, #{name}, #{content}, #{content2}, #{price}, #{image}, #{image2})
	</insert>
</mapper>
