<?xml version="1.0" encoding="UTF-8" ?>
<!DOCTYPE mapper PUBLIC "-//mybatis.org//DTD Mapper 3.0//EN"
  "http://mybatis.org/dtd/mybatis-3-mapper.dtd">

<mapper namespace="MemberDAO">

	<resultMap id="memberResult" type="member">
		<result property="memberCode" column="MEMBER_CODE" />
	    <result property="memberId" column="MEMBER_ID"/>
	    <result property="password" column="PASSWORD"/>
	    <result property="name" column="NAME"/>
	    <result property="phoneNum" column="PHONE_NUM"/>
	    <result property="postNum" column="POST_NUM"/>
	    <result property="address1" column="ADDRESS1"/>
	    <result property="address2" column="ADDRESS2"/>
	    <result property="userImage" column="USERIMAGE"/>
	</resultMap>

	<!-- 회원가입 정보 입력-->
	<insert id="signUp">
		<![CDATA[
		INSERT INTO MEMBER(MEMBER_CODE, MEMBER_ID, PASSWORD, NAME, PHONE_NUM, POST_NUM, ADDRESS1, ADDRESS2, USERIMAGE)
		VALUES(MEMBER_SEQ.NEXTVAL, #{memberId}, #{password}, #{name}, #{phoneNum}, #{postNum}, #{address1}, #{address2}, #{userImage})
		]]>
	</insert>
	
	<!-- 회원 정보 수정 -->
	<update id="updateMember">
		<![CDATA[
			UPDATE MEMBER
			SET	NAME        = #{name}
		      , PHONE_NUM   = #{phoneNum}
			  , POST_NUM    = #{postNum}
			  , ADDRESS1     = #{address1}
			  , ADDRESS2     = #{address2}
			  , USER_IMAGE  = #{userImage}
			WHERE USER_CODE = #{userCode}
		]]>
	</update>
	
	<!-- 회원 탈퇴(삭제) -->
	<delete id="deleteMember">
		<![CDATA[
			DELETE FROM MEMBER WHERE MEMBER_ID = #{memberId}
		]]>
	</delete>
	
	<select id="select" resultType="String">
		SELECT * FROM MEMBER WHERE MEMBER_ID = (SELECT MAX(MEMBER_ID) FROM MEMBER);
	</select>
</mapper>
